address;available;coordinates;free;name;number;open;ticket;total;type;updated_at
Plaza de la Virgen - Bailía;18;[725755.944, 4372972.613];6;004_PLAZA_DE_LA_VIRGEN_CALLE_BAILIA;4;T;T;25;Point;29/06/2016 10:43
Plaza Poeta Llorente;4;[726116.944, 4372999.585];11;005_PINTOR_LOPEZ_PZA_POETA_LLORENTE;5;T;T;15;Point;29/06/2016 10:43
Guillem de Castro - San Pedro Pascual;0;[725016.729, 4372512.385];15;006_GUILLEN_CASTRO_CON_CALLE_SAN_PEDRO_PASCUAL;6;T;T;15;Point;29/06/2016 10:43
Plaza del Mercado - Taula de Canvis;9;[725431.405, 4372754.855];11;007_PZA_DEL_MERCADO_TAULA_DE_CANVIS;7;T;T;20;Point;29/06/2016 10:43
Plaza de Tetuán;8;[726229.268, 4372720.676];17;009_PLAZA_TETUAN_4;9;T;T;25;Point;29/06/2016 10:43
Xátiva - Bailén (Estación del Norte);8;[725621.027, 4371937.812];22;017_ESTACION RENFE I;17;T;T;30;Point;29/06/2016 10:43
Juan Llorens - Quart;2;[724365.85, 4372668.04];13;019_JUAN_LLORENS;19;T;F;15;Point;29/06/2016 10:43
Mediterráneo - Plaza Cruz de Cañamelar;0;[729536.909, 4372108.482];15;161_MEDITERRANEO;161;T;T;15;Point;29/06/2016 10:43
Armada Española - Mariano Cuber;17;[729717.409, 4371628.874];2;162_PZA. ARMADA ESPAÑOLA;162;T;F;19;Point;29/06/2016 10:43
Paseo Neptuno 32-34;7;[730264.816, 4371737.667];13;163_PASEO NEPTUNO;163;T;T;20;Point;29/06/2016 10:43
Pavía - Columbretes;1;[730145.464, 4372181.084];16;164_PAVIA 1;164;T;F;17;Point;29/06/2016 10:43
Cra. Malilla - Oltá;11;[725543.743, 4370287.886];9;192_CTRA_MALILLA;192;T;T;20;Point;29/06/2016 10:43
Uruguay - Carteros;3;[724846.881, 4370546.384];16;193_CALLE_CARTEROS;193;T;T;20;Point;29/06/2016 10:43
Pechina - Teruel;3;[724209.864, 4372869.384];16;202_PASEO_PECHINA;202;T;T;20;Point;29/06/2016 10:43
Quart - Fernando el Católico;10;[724685.713, 4372751.189];6;020_FERNANDO_EL_CATOLICO_CALLE_QUART;20;T;T;16;Point;29/06/2016 10:43
Músico Ayllón - Francisco Dolz;12;[723950.022, 4371689.7];3;215_CALLE_MUSICO_AYLLON_ESQ_CALLE_FRANCISCO_DOLZ;215;T;T;15;Point;29/06/2016 10:43
Juan Llorens - Literato Gabriel Miró;1;[724490.651, 4372449.685];15;021_JUAN_LLORENS_29;21;T;T;16;Point;29/06/2016 10:43
Plaza América - Cirilo Amorós - Sorní;20;[726641.444, 4372261.334];0;029_PLAZA AMERICA;29;T;T;20;Point;29/06/2016 10:43
Cirilo Amorós - Jorge Juan (Mercado Colón);14;[726371.036, 4372085.56];6;030_CIRILO AMOROS;30;T;F;20;Point;29/06/2016 10:43
Salamanca - Conde Altea;14;[726673.679, 4371957.09];6;031_CALLE SALAMANCA;31;T;F;20;Point;29/06/2016 10:43
Conde Altea - Almirante Cadarso;6;[726401.133, 4371798.141];14;032_C/ CONDE DE ALTEA;32;T;T;20;Point;29/06/2016 10:43
Germanías - Ruzafa;13;[725910.856, 4371651.849];6;033_GRAN_VIA_GERMANIAS_ESQ_CALLE_RUZAFA;33;T;T;20;Point;29/06/2016 10:43
Regne de Valencia - Doctor Sumsi;10;[726259.768, 4371584.704];7;34_AVDA. ANTIGUO REINO DE VALENCIA;34;T;F;17;Point;29/06/2016 10:43
Regne de Valencia - Almirante Cadarso;12;[726516.262, 4371550.757];8;35_C/ DUQUE DE CALABRIA;35;T;T;20;Point;29/06/2016 10:43
José María de Haro - Justo y Pastor;9;[728914.788, 4372019.751];11;160_JOSE MARIA DE HARO;160;T;F;20;Point;29/06/2016 10:43
Rubén Darío - Plaza Fray Luis Colomer;0;[727726.47, 4373219.828];15;103_RUBEN DARIO;103;T;F;15;Point;29/06/2016 10:43
Albalat dels Tarongers - Paseo Facultades;19;[728165.066, 4373225.292];1;104_ALBALAT DELS TARONGERS;104;T;T;20;Point;29/06/2016 10:43
Aularios Universidad de Valencia;18;[728404.34, 4373155.018];12;105_AVDA. DE LOS NARANJOS;105;T;F;30;Point;29/06/2016 10:43
Luís Peixó 20;6;[729355.857, 4372738.285];9;108_ LUIS PEIXO;108;T;T;15;Point;29/06/2016 10:43
Pintor Stolz - Nueve de Octubre;8;[723259.895, 4372187.155];17;217_CALLE_9_DE_OCTUBRE_ESQ_CALLE_PINTOR_STOLZ;217;T;T;25;Point;29/06/2016 10:43
Salvador Ferrandis Luna - Juan Bautista Vives;1;[723879.043, 4372250.791];14;218_CALLE_SALVADOR_FERRANDIS_LUNA_ESQ_CALLE_JUAN_B;218;T;T;15;Point;29/06/2016 10:43
Castán Tobeñas - Rincon de Ademuz;0;[723398.615, 4372461.669];18;219_CALLE_CASTAN_TOBEÑAS_ESQ_CALLE_VELAZQUEZ;219;T;F;18;Point;29/06/2016 10:43
Castán Tobeñas - Patriques;3;[723788.443, 4372594.236];13;220_CALLE_CASTAN_TOBEÑAS_ESQ_CALLE_DE_GOYA;220;T;T;16;Point;29/06/2016 10:43
Manuel de Falla - Hernández Lázaro;4;[723394.032, 4372740.052];16;221_AVDA_MANUEL_DE_FALLA_ESQ_CALLE_HERNANDEZ_LAZAR;221;T;T;20;Point;29/06/2016 10:43
Plaza de la Reina - Mar;20;[725785.991, 4372703.856];2;008_PLAZA_DE_LA_REINA_ESQUINA_CALLE_DEL_MAR;8;T;T;23;Point;29/06/2016 10:43
Hospital - Horno del Hospital;9;[725149.845, 4372296.059];3;010_CALLE_DEL_HOSPITAL_FRENTE_CALLE_HORNO_DEL_HOSP;10;T;T;15;Point;29/06/2016 10:43
Plaza Ayuntamiento - Cotanda;12;[725649.875, 4372351.711];15;011_PZA_AYTO_CON_CALLE_COTANDA;11;T;T;27;Point;29/06/2016 10:43
Miñana - Poeta Querol;16;[725888.571, 4372363.111];4;012_CALLE_MINYANA;12;T;T;20;Point;29/06/2016 10:43
Alfonso el Magnánimo - Nave;21;[726155.487, 4372463.775];3;013_PZA. ALFONSO MAGNANIMO_CON_CALLE_LA_NAVE;13;T;T;24;Point;29/06/2016 10:43
Huesca - Barón de Cárcer;6;[725404.105, 4372098.033];14;014_BARÓN CARCER;14;T;T;20;Point;29/06/2016 10:43
Ribera - Plaza Ayuntamiento;27;[725755.339, 4372121.702];7;015_RIBERA;15;T;T;34;Point;29/06/2016 10:43
Colón, 60;8;[726199.811, 4372246.206];12;016_COLON I;16;T;T;20;Point;29/06/2016 10:43
Guillem de Castro (Torres de Quart);13;[725020.763, 4372874.455];2;082_GUILLEN_DE_CASTRO_TORRES_DE_QUART;82;T;F;15;Point;29/06/2016 10:43
Justo y Pastor - Duque de Gaeta;1;[728093.128, 4372255.939];14;098_SANTOS JUSTO Y PASTOR;98;T;T;15;Point;29/06/2016 10:43
Blasco Ibañez - Pintor José Mongrell;3;[728772.337, 4372460.834];18;099_AVDA. BLASCO IBAÑEZ 8;99;T;T;21;Point;29/06/2016 10:43
Blasco Ibañez - Mestre Ripoll;17;[728972.186, 4372498.957];3;100_AVDA. BLASCO IBAÑEZ 9;100;T;F;20;Point;29/06/2016 10:43
Marino Blas de Lezo (estación Cabañal Adif);18;[729303.307, 4372334.766];11;101_AVDA. BLASCO IBAÑEZ 10;101;T;T;30;Point;29/06/2016 10:43
Maestro Rodrigo - Manuel de Falla;1;[723868.082, 4372934.044];16;222_AVDA_MAESTRO_RODRIGO_ESQ_AVDA_MANUEL_DE_FALLA;222;T;F;20;Point;29/06/2016 10:43
La Safor - Maestro Rodrigo;0;[723237.977, 4374139.46];15;242_LA_SAFOR_AVDA_MAESTRO_RODRIGO;242;T;F;15;Point;29/06/2016 10:43
Valle de la Ballestera - Pio Baroja;14;[723101.26, 4373091.117];6;244_AVDA_PIO_BAROJA_VALLE_DE_LA_BALLESTERA;244;T;T;20;Point;29/06/2016 10:43
Nueve de Octubre - Cieza;0;[723172.196, 4372377.044];14;245_9_DE_OCTUBRE_CIEZA;245;T;F;14;Point;29/06/2016 10:43
Ramón Llull - Serpis;8;[728221.158, 4372943.306];12;102_AVDA.RAMON LLUL;102;T;F;20;Point;29/06/2016 10:43
Plaza de los Fueros - Conde Trenor;15;[725740.337, 4373230.46];9;036_PZA_LOS_FUEROS_CONDE_TRENOR;36;T;F;25;Point;29/06/2016 10:43
Peris y Valero - Luis Santángel;1;[726573.03, 4371240.067];19;37_AVDA. PERIS Y VALERO;37;T;T;20;Point;29/06/2016 10:43
Peris y Valero - Cabo Jubi;4;[726250.283, 4371060.021];16;38_AVDA. PERIS Y VALERO;38;T;F;20;Point;29/06/2016 10:43
Peris y Valero - Cuba;2;[725938.466, 4370878.973];16;39_AVDA. PERIS Y VALERO;39;T;T;19;Point;29/06/2016 10:43
Barcas, 11;10;[725820.827, 4372276.702];16;40_CALLE_BARCAS_FRENTE _TEATRO_PRINCIPAL;40;T;T;26;Point;29/06/2016 10:43
Plaza de Europa;1;[727759.956, 4371146.034];19;54_PASEO ALAMEDA;54;T;T;20;Point;29/06/2016 10:43
Francia - Pintor Maella;1;[728105.908, 4371107.879];24;55_AVDA. DE FRANCIA;55;T;F;25;Point;29/06/2016 10:43
Francia - Menorca;0;[728477.293, 4371016.383];15;56_AVDA. DE FRANCIA;56;T;F;15;Point;29/06/2016 10:43
Alameda - Pintor Monleón;15;[727265.727, 4371653.468];5;057_CALLE PINTOR MONLEON;57;T;T;20;Point;29/06/2016 10:43
Plaza España;7;[725252.779, 4371788.228];13;058_PLAZA DE ESPAÑA;58;T;T;20;Point;29/06/2016 10:43
General Urrutia - Granada;4;[726722.808, 4371019.416];16;41_AVDA. GRAL. URRUTIA;41;T;F;20;Point;29/06/2016 10:43
Tres Cruces - Músico Ayllón;11;[723185.17, 4371860.828];4;247_AVDA_TRES_CRUCES_MUSICO_AYLLON;247;T;T;15;Point;29/06/2016 10:43
Av. de la Plata (Museo Fallero);6;[727249.674, 4371020.291];13;42_AVDA. DE LA PLATA;42;T;T;20;Point;29/06/2016 10:43
Escultor José Capuz - Oriente;7;[727032.722, 4371091.257];13;43_C/ DE ORIENTE;43;T;F;20;Point;29/06/2016 10:43
General Urrutia - Av. de la Plata;6;[726882.491, 4370748.231];13;44_AVDA. GRAL. URRUTIA;44;T;T;19;Point;29/06/2016 10:43
Hermanos Maristas - General Urrutia;9;[726990.707, 4370461.433];6;45_AVDA. GRAL. URRUTIA;45;T;F;15;Point;29/06/2016 10:43
Pintor Luis Arcas - Inst. Obrero Valenciano;7;[727249.221, 4370656.763];13;46_AVDA. INSTITUTO OBRERO DE VALENCIA;46;T;F;20;Point;29/06/2016 10:43
Autopista del Saler - Puente Monteolivete;9;[727535.862, 4370776.603];11;47_AVDA. AUTOPISTA DEL SALER;47;T;T;20;Point;29/06/2016 10:43
Antonio Ferrandis - General Urrutia;11;[727284.71, 4370135.431];9;48_AVDA. ANTONIO FERRANDIS;48;T;F;20;Point;29/06/2016 10:43
Ricardo Muñoz Suay - María José Victoria Fuster (C.C. El Saler);18;[727401.736, 4370381.009];7;49_C/ RICARDO MUÑOZ SUAY;49;T;F;25;Point;29/06/2016 10:43
Autopista del Saler - Antonio Ferrandis (C.C. El Saler);13;[727766.482, 4370428.526];27;50_AVDA. AUTOPISTA DEL SALER;50;T;T;40;Point;29/06/2016 10:43
Moreras (Oceanográfico);17;[728254.851, 4370316.791];3;51_PSO. DE LAS MORERAS;51;T;T;20;Point;29/06/2016 10:43
Luis García Berlanga Martí - Menorca;17;[728318.593, 4370746.512];8;52_C/ LUIS GARCIA BERLANGA;52;T;T;25;Point;29/06/2016 10:43
Alameda - Pintor Maella;18;[728161.402, 4370822.987];7;53_C/ LUIS GARCIA BERLANGA;53;T;F;25;Point;29/06/2016 10:43
Baleares - Río Escalona;4;[727589.205, 4371508.755];11;059_AVDA. DE BALEARES I;59;T;T;15;Point;29/06/2016 10:43
Baleares - Lebón;2;[727830.598, 4371420.636];17;060_AVDA.BALEARES II;60;T;F;19;Point;29/06/2016 10:43
Vicent Vidal - Pintor Maella;2;[728173.192, 4371326.503];17;061_VICENTE VIDAL;61;T;T;20;Point;29/06/2016 10:43
Menorca - Baleares;2;[728666.608, 4371176.395];18;062_MENORCA;62;T;T;20;Point;29/06/2016 10:43
Albalat dels Tarongers - Professor Ernest Lluch;20;[728676.955, 4373057.96];5;106_AVDA. DE LOS NARANJOS;106;T;F;25;Point;29/06/2016 10:43
Campillo de Altobuey (Polideportivo);15;[729126.028, 4372904.69];0;107_C/ CAMPILLO ALTO BUEY;107;T;F;15;Point;29/06/2016 10:43
Alfambra - Poeta Monmeneu;3;[725690.054, 4373638.278];12;133_C/ ALFAMBRA;133;T;F;15;Point;29/06/2016 10:43
Tres Cruces - Jose Maria Mortes Lerma;16;[723251.749, 4371355.044];4;248_AVDA_TRES_CRUCES_JOSE_MARIA_MORTES_LERMA;248;T;F;20;Point;29/06/2016 10:43
Av Puerto 19 (Telefónica);19;[727241.381, 4372019.713];1;063_AVDA. DEL PUERTO I;63;T;T;20;Point;29/06/2016 10:43
Av. Puerto 61-63;1;[727608.482, 4371890.391];18;064_AVDA. DEL PUERTO II;64;T;F;20;Point;29/06/2016 10:43
Av. Puerto - Doctor Manuel Candela;0;[727900.669, 4371787.657];19;065_AVDA. DEL PUERTO III;65;T;T;19;Point;29/06/2016 10:43
Guillem de Anglesola - Av. Puerto;0;[728298.458, 4371661.047];24;066_GUILLEN DE ANGLESOLA;66;T;F;25;Point;29/06/2016 10:43
Juan Verdeguer - Toneleros;7;[729130.423, 4371084.436];7;067_JUAN VERDEGUER;67;T;F;14;Point;29/06/2016 10:43
Av. Puerto - José Aguilar;11;[728692.861, 4371509.581];9;068_AVDA. DEL PUERTO IV;68;T;T;20;Point;29/06/2016 10:43
Av. Puerto - Serrería;24;[728954.814, 4371422.769];0;069_AVDA. DEL PUERTO;69;T;F;25;Point;29/06/2016 10:43
Colón, 27;17;[726096.35, 4372165.196];0;70_CALLE_COLON_ESQ_ALMIRANTE_ROGER_DE_LAURIA;70;T;F;17;Point;29/06/2016 10:43
Av. Puerto - Plaza Tribunal de les Aigües;8;[729406.548, 4371261.476];12;071_AVDA DEL PUERTO VI;71;T;F;20;Point;29/06/2016 10:43
República Argentina - Campoamor;0;[727804.801, 4372517.761];25;075_CAMPOAMOR I;75;T;F;25;Point;29/06/2016 10:43
Campoamor - Músico Ginés;8;[728520.347, 4372313.3];9;076_CAMPOAMOR II;76;T;T;19;Point;29/06/2016 10:43
Molinell - Calderón de la Barca;11;[726561.529, 4373910.028];8;77_C/ MOLINELL;77;T;T;20;Point;29/06/2016 10:43
Aragón - Vicente Sancho Tello;19;[727210.757, 4372259.455];1;078_AVDA. ARAGÓN I;78;T;T;20;Point;29/06/2016 10:43
Aragón - Ernesto Ferrer;13;[727325.931, 4372577.687];7;079_AVDA. ARAGON II;79;T;F;20;Point;29/06/2016 10:43
Amadeo de Saboya (frente Ayuntamiento);17;[726887.83, 4372671.832];8;080_AMADEO SAVOIA;80;T;F;25;Point;29/06/2016 10:43
Micer Mascó - Rodriguez Fornos;8;[726996.881, 4372829.01];12;081_DOCTOR FORNOS;81;T;F;20;Point;29/06/2016 10:43
San José de Calasanz - Salas Quiroga;3;[724868.606, 4371774.515];12;026_CALLE_SAN_JOSE_DE_CALASANZ;26;T;F;15;Point;29/06/2016 10:43
San Vicente Martir - Doctor Vilá Barberá;8;[725239.192, 4371470.541];11;027_CALLE_SAN_VICENTE_MARTIR_129;27;T;F;20;Point;29/06/2016 10:43
Navarro Reverter - Grabador Esteve;25;[726425.72, 4372418.341];0;028_NAVARRO REVERTE;28;T;F;25;Point;29/06/2016 10:43
Blasco Ibañez - Yecla;8;[728100.083, 4372686.544];13;096_AVDA. BLASCO IBAÑEZ 6;96;T;T;21;Point;29/06/2016 10:43
Blasco Ibañez 121;0;[728538.878, 4372645.481];23;097_AVDA. BLASCO IBAÑEZ 7;97;T;F;23;Point;29/06/2016 10:43
Don Vicente Guillot - Progreso;2;[729769.995, 4372713.116];13;166_PROGRESO;166;T;F;15;Point;29/06/2016 10:43
Ramiro de Maeztu - Peris Brell;5;[728284.692, 4371990.941];10;072_RAMIRO MAETZU;72;T;F;15;Point;29/06/2016 10:43
Jerónimo Monsoriu - Industria;1;[728582.94, 4371890.3];18;073_JERONIMO MONSORIU;73;T;T;20;Point;29/06/2016 10:43
Plaza San Felipe Neri (Mercado Algirós);1;[727636.956, 4372272.409];18;074_PLAZA SAN FELIPE NERI;74;T;T;20;Point;29/06/2016 10:43
General Elio - Llano del Real;16;[726473.43, 4373086.657];9;83_PZA. DE LA LEGIÓN ESPAÑOLA;83;T;T;25;Point;29/06/2016 10:43
Serrería, 67;11;[729243.245, 4372024.795];4;84_SERRERIA_ESQ_PINTOR FERRER CALATAYUD;84;T;F;15;Point;29/06/2016 10:43
Blasco Ibañez - Jaime Roig;13;[726661.312, 4373300.906];10;085_AVDA_BLASCO IBAÑEZ 1;85;T;F;23;Point;29/06/2016 10:43
Gaspar Aguilar - Vicente Parra;20;[724461.496, 4370545.659];0;86_AVDA_GASPAR_AGUILAR_ESQ_VICENTE_PARRA;86;T;T;20;Point;29/06/2016 10:43
Blasco Ibañez - Doctor Gómez Ferrer (Clínico);30;[726908.261, 4373203.037];5;87_AVDA BLASCO IBAÑEZ 2;87;T;T;35;Point;29/06/2016 10:43
Blasco Ibañez, 28 (F. Geografía e Historia);20;[726975.018, 4373093.228];20;088_AVDA. BLASCO IBAÑEZ 3;88;T;T;40;Point;29/06/2016 10:43
Blasco Ibañez, 23 (F. Filosofía y Psicología);20;[727130.984, 4373130.018];9;89_AVDA. BLASCO IBAÑEZ;89;T;F;30;Point;29/06/2016 10:43
Blasco Ibañez, 32 (F. Filología);22;[727164.655, 4373012.352];18;90_AVDA. BLASCO IBAÑEZ;90;T;F;40;Point;29/06/2016 10:43
Grabador Jordan - Escultor Pastor;2;[726530.086, 4369370.981];13;091_CALLE_GRABADOR_JORDAN_46_PLAZA_ESCULTOR_PASTOR;91;T;F;15;Point;29/06/2016 10:43
Blasco Ibañez - Aragón;16;[727425.494, 4372922.905];4;092_AVDA. DE ARAGON, 4 - ESQ AVDA BLASCO IBAÑEZ;92;T;T;20;Point;29/06/2016 10:43
Blasco Ibañez - Poeta Durán Tortajada;0;[728483.208, 4372556.514];38;93_AVADA_BLASCO_IBAÑEZ_DESP_C_POETA_DURAN_TORTAJAD;93;T;T;38;Point;29/06/2016 10:43
Blasco Ibañez - Clariano;2;[727804.295, 4372880.486];18;094_AVDA. BLASCO IBAÑEZ 5;94;T;F;20;Point;29/06/2016 10:43
Naranjos (Magisterio);17;[728259.769, 4373389.066];19;95_AVDA. DE LOS NARANJOS;95;T;F;36;Point;29/06/2016 10:43
Guillem de Castro (Beneficiencia);3;[725053.732, 4373114.715];24;001_GUILLEN_DE_CASTRO;1;T;T;27;Point;29/06/2016 10:43
Salvador Giner - C. Museo;1;[725366.769, 4373310.348];14;002_CALLE_SALVADOR_GINER_CALLE_MUSEO;2;T;F;15;Point;29/06/2016 10:43
Plaza del Musico López Chavarri;2;[725330.179, 4372969.993];18;003_PLAZA_MUSICO_LOPEZ_CHAVARRI;3;T;T;20;Point;29/06/2016 10:43
Colón 20-22;12;[725974.018, 4372028.422];13;018_COLON II;18;T;T;25;Point;29/06/2016 10:43
Angel Guimerá - Juan Llorens;1;[724659.071, 4372167.495];14;022_JUAN_LLORENS_57;22;T;F;15;Point;29/06/2016 10:43
Fernando el Católico - Erudito Orellana;0;[724840.264, 4372377.279];18;023_GRAN_VIA_FERNANDO_EL_CATOLICO;23;T;T;19;Point;29/06/2016 10:43
Fernando el Católico - Cuenca;3;[725033.543, 4372099.483];17;024_GRAN_VIA_RAMON_Y_CAJAL;24;T;T;20;Point;29/06/2016 10:43
Alberique, 18 (Abastos);2;[724643.583, 4371938.41];21;025_CALLE_DEL_ALBERIC;25;T;T;23;Point;29/06/2016 10:43
Naranjos - Ingeniero Fausto Elio;6;[729354.335, 4373086.32];14;109_AVDA. NARANJOS;109;T;T;20;Point;29/06/2016 10:43
UPV Trinquet;11;[729068.76, 4373513.496];19;110_KISSHOMARU;110;T;F;30;Point;29/06/2016 10:43
UPV Galileo;30;[728736.631, 4373445.463];0;111_COLEGIO MAYOR;111;T;F;30;Point;29/06/2016 10:43
Manuel Broseta i Pont - Naranjos;29;[728594.549, 4373259.508];11;112_AVDA. DE LOS NARANJOS;112;T;T;40;Point;29/06/2016 10:43
UPV Caminos;37;[728470.794, 4373555.383];1;113_ETS CAMINOS;113;T;T;38;Point;29/06/2016 10:43
UPV Informática;12;[728212.727, 4373606.436];18;114_ADOLFO SUAREZ;114;T;F;30;Point;29/06/2016 10:43
Cataluña - Doctor Vicente Zaragozá;15;[727735.506, 4373565.502];1;115_C/ DR. VICENTE ZARAGOZA;115;T;F;16;Point;29/06/2016 10:43
Doctor Vicente Zaragozá - Ramón Asensio;0;[727264.373, 4373739.532];14;116_C/ DR. VICENTE ZARAGOZA;116;T;T;15;Point;29/06/2016 10:43
Gascó Oliag - Primado Reig;19;[727320.076, 4373296.548];10;117_PRIMADO REIG;117;T;T;30;Point;29/06/2016 10:43
Gómez Ferrer - Álvaro de Bazán;17;[727027.861, 4373422.962];3;118_C/ DR. GOMEZ FERRER;118;T;F;20;Point;29/06/2016 10:43
Jaime Roig - Bachiller;18;[726779.466, 4373643.882];2;119_C/ JAIME ROIG;119;T;F;20;Point;29/06/2016 10:43
Doctor Vicente Zaragozá - Emilio Baró;2;[726873.293, 4373908.823];16;120_C_DR VICENTE ZARAGOZA;120;T;T;18;Point;29/06/2016 10:43
Platero Suárez - Milagrosa;6;[725892.434, 4373925.255];9;132_C/ RUAYA;132;T;F;15;Point;29/06/2016 10:43
Maximiliano Thous - Luz Casanova;5;[725892.931, 4374188.571];15;134_C/ MAXIMILIANO THOUS;134;T;F;20;Point;29/06/2016 10:43
Constitución - Reus;1;[725455.253, 4373958.731];19;135_AVDA. CONSTITUCIÓN;135;T;T;20;Point;29/06/2016 10:43
Economista Gay - Constitución;5;[725690.205, 4374436.518];15;136_CALLE_ECONOMISTA_GAY;136;T;F;20;Point;29/06/2016 10:43
Economista Gay - Luis Crumiere;4;[725324.503, 4374324.99];15;137_CALLE_ECONOMISTA_GAY;137;T;T;20;Point;29/06/2016 10:43
San Pancracio - Periodista Llorente;0;[724955.142, 4374220.596];20;138_SAN_PANCRACIO;138;T;F;20;Point;29/06/2016 10:43
Reus - Alquería de la Estrella;7;[725079.185, 4373948.236];7;139_C/ REUS;139;T;F;15;Point;29/06/2016 10:43
Av. Campanar (La Fe);11;[724386.193, 4373861.911];15;146_AVDA. CAMPANAR;146;T;T;26;Point;29/06/2016 10:43
Pie de la Cruz - Rejas;15;[725348.881, 4372566.811];0;147_CALLE_PIE_DE_LA_CRUZ_CALLE_DE_LA_REJA;147;T;F;15;Point;29/06/2016 10:43
Peris y Valero - Salamanca;5;[726966.242, 4371473.377];13;149_AVDA. PERIS Y VALERO;149;T;F;20;Point;29/06/2016 10:43
Manuel Candela - Rodriguez de Cepeda;3;[727913.087, 4372032.997];22;150_DR. MANUEL CANDELA;150;T;F;25;Point;29/06/2016 10:43
Jerónimo Monsoriu - Alcalde Cano Coloma;12;[729083.914, 4371728.444];8;151_JERONIMO MONSORIU;151;T;F;20;Point;29/06/2016 10:43
Reina Doña María - Cádiz;1;[726034.021, 4371222.938];14;152_C/ LITERATO AZORÍN;152;T;T;15;Point;29/06/2016 10:43
Llano de la Zaidía - Doctor Olóriz;1;[725319.726, 4373672.6];23;153_C/ LLANO DE ZAIDA;153;T;F;24;Point;29/06/2016 10:43
Salamanca - Reina Doña Germana;12;[726849.289, 4371694.26];7;155_C/ SALAMANCA;155;T;F;20;Point;29/06/2016 10:43
Puerto Rico - Cuba;1;[725720.691, 4371218.14];13;156_C/ CUBA;156;T;F;15;Point;29/06/2016 10:43
Pérez Galdós - Marqués de Zenete;7;[724762.45, 4371533.357];12;157_AVENIDA_PEREZ_GALDOS;157;T;T;20;Point;29/06/2016 10:43
Doctor Lluch - Virgen del Sufragio;1;[729885.844, 4371977.616];14;158_DR.LLUNCH;158;T;F;15;Point;29/06/2016 10:43
Francisco Cubells - San José de la Vega;13;[729293.988, 4371599.114];3;159_FRANCISCO CUBELLS;159;T;F;17;Point;29/06/2016 10:43
Pavía - Espadán;1;[730141.246, 4372508.598];19;165_PAVIA 2;165;T;T;20;Point;29/06/2016 10:43
Albacete - Maluquer;4;[725009.401, 4371403.652];13;243_ALBACETE_ESQ_MALUQUER;243;T;T;18;Point;29/06/2016 10:43
Murta - Sant Eperit;3;[727150.755, 4374061.607];12;121_C_MURTA;121;T;F;15;Point;29/06/2016 10:43
Músico Hipólito Martínez - Diógenes López Mecho;3;[727560.986, 4373885.116];12;122_C_MÚSICO HIPÓLITO MARTÍNEZ;122;T;F;15;Point;29/06/2016 10:43
Albocácer - Vinaroz;0;[726623.813, 4374211.594];20;123_C_ALBOCACER;123;T;F;20;Point;29/06/2016 10:43
Camp del Turia - Corts Valencianes;5;[723443.17, 4374933.821];15;240_CAMP_DEL_TURIA_AVDA_CORTES_VALENCIANAS;240;T;F;20;Point;29/06/2016 10:43
Tres Cruces - Hospital General;25;[723099.271, 4372044.993];4;246_AVDA_TRES_CRUCES_ENTRADA_HOSPITAL_GENERAL;246;T;F;30;Point;29/06/2016 10:43
Tres Cruces - Segunda República Española;13;[723454.207, 4370990.489];1;249_AVDA_TRES_CRUCES_SEGUNDA_REPUBLICA_ESPAÑOLA;249;T;F;15;Point;29/06/2016 10:43
Azagador de Alboraya - Dolores Marqués;12;[726869.344, 4374310.996];13;124_C/ AZAGADOR DE ALBORAYA;124;T;T;25;Point;29/06/2016 10:43
Masquefa, 42 - 44;2;[727152.481, 4374451.727];12;125_C/ MASQUEFA;125;T;F;15;Point;29/06/2016 10:43
Alfahuir - José Chabas Bordehore;16;[727013.588, 4374825.945];4;126_C/ ALFAUIR;126;T;F;20;Point;29/06/2016 10:43
Alfahuir - Duque de Mandas;3;[726648.299, 4374536.718];16;127_C/ DUQUE DE MANDAS;127;T;F;20;Point;29/06/2016 10:43
Alfahuir - Peñiscola;7;[726387.768, 4374326.342];18;128_C/ ALFAUIR;128;T;T;25;Point;29/06/2016 10:43
Almazora - Benimuslem;3;[726190.306, 4374010.496];17;129_C_ALMAZORA;129;T;T;20;Point;29/06/2016 10:43
Convento Carmelitas - Alboraya;0;[726176.386, 4373706.014];15;130_C/ CONVENTO CARMELITAS;130;T;F;15;Point;29/06/2016 10:43
Alboraya - Flora;0;[726102.788, 4373416.677];20;131_C/ ALBORAYA;131;T;T;20;Point;29/06/2016 10:43
Valle de la Ballestera - Hospital Nueve de Octubre;19;[723526.821, 4373109.163];0;223_CALLE_VALLE_BALLESTERA_ESQ_PLAZA_POLICIA_LOCAL;223;T;T;20;Point;29/06/2016 10:43
Jorge Comin (Metge) - Terrateig;4;[723313.847, 4373326.321];15;224_PLAZA_JOSE_MONFORTE_TUDELA_ESQ_CALLE_HERNANDEZ;224;T;F;20;Point;29/06/2016 10:43
Padre Barranco - Carlos Ruano Llopis (Pintor);7;[723500.1, 4374169.24];11;225_CALLE_PADRE_BARRANCO_DESPUES_CALLE_BENIFAIRO;225;T;T;20;Point;29/06/2016 10:43
Corts Valencianes - La Safor;5;[723687.622, 4374480.945];25;226_CALLE_SAFOR_ESQ_AVDA_DE_LAS_CORTES_VALENCIANAS;226;T;F;30;Point;29/06/2016 10:43
Rio Segre - Rafael Company;4;[725100.155, 4374988.713];9;236_RIO_SEGRE_RAFAEL_COMPANY;236;T;T;15;Point;29/06/2016 10:43
Levante U.D. - Ecuador;0;[724347.763, 4374932.654];15;237_LEVANTE_UD_AVDA_ECUADOR;237;T;T;15;Point;29/06/2016 10:43
San Jose Artesano - Francisco Morote Greus;1;[724051.437, 4375223.032];14;238_SAN_JOSE_ARTESANO_FRANCISCO_MOROTE_GREUS;238;T;F;15;Point;29/06/2016 10:43
Florista - T4 (Palau de Congressos);2;[723572.961, 4375157.649];18;239_LA_FLORISTA_TRANVIA_PALACIO_CONGRESOS;239;T;T;20;Point;29/06/2016 10:43
Pavía - Acequia de la Cadena;6;[730126.267, 4372896.898];14;167_PAVIA 3;167;T;F;20;Point;29/06/2016 10:43
Malvarrosa - Río Tajo;2;[729837.887, 4373106.43];13;168_AVDA. MALVARROSA;168;T;F;15;Point;29/06/2016 10:43
Ausias March - Pianista Amparo Iturbi;4;[725857.325, 4370607.531];17;182_AVDA_AUSIAS_MARCH;182;T;F;21;Point;29/06/2016 10:43
Plaza Músico Espí;0;[725838.062, 4375169.408];11;234_PLAZA MUSICO_ESPI_JOSE_ESTEVE;234;T;F;15;Point;29/06/2016 10:43
Conde Torrefiel - Cecilio Plá;9;[725526.985, 4375332.096];6;235_CONDE_DE_TORREFIEL_CECILIO_PLA;235;T;T;15;Point;29/06/2016 10:43
La Vall d'Albaida - Corts Valencianes;6;[723420.161, 4374708.078];9;241_VALL_DE_ALBAIDA_PEATONAL;241;T;F;15;Point;29/06/2016 10:43
Ausias March - Av. de la Plata;0;[726097.133, 4370302.116];17;183_AVDA_AUSIAS_MARCH;183;T;T;18;Point;29/06/2016 10:43
Bombero Ramón Duart - Hermanos Maristas;10;[726674.382, 4370336.97];4;184_CALLE_BOMBER_RAMON_DUART;184;T;F;15;Point;29/06/2016 10:43
Ebanista Caselles - Ausias March;0;[726258.742, 4370020.644];14;185_AVDA_AUSIAS_MARCH;185;T;F;15;Point;29/06/2016 10:43
Benifairó de Valldigna - Joaquín Benlloch;1;[725955.382, 4370050.348];13;186_CALLE_INGENIERO_JOAQUIN_BENLLOCH;186;T;F;14;Point;29/06/2016 10:43
Ángel Villena - Ausias March;1;[726410.505, 4369793.547];14;187_AVDA_AUSIAS_MARCH;187;T;T;15;Point;29/06/2016 10:43
Hospital Nueva Fe (consultas externas);17;[725993.732, 4369396.438];6;188_HOSPITAL_NUEVA_FE;188;T;F;40;Point;29/06/2016 10:43
Hospital Nueva Fe (administración);6;[725811.479, 4369410.682];24;189_HOSPITAL_NUEVA_FE;189;T;T;30;Point;29/06/2016 10:43
Cra. Malilla - Bulevar Sur;14;[725428.757, 4369556.305];4;190_CTRA_MALILLA;190;T;T;18;Point;29/06/2016 10:43
Esparraguera - Cra. Malilla;2;[725538.115, 4370031.311];13;191_CTRA_MALILLA;191;T;F;15;Point;29/06/2016 10:43
San Clemente - Hospital Arnau de Vilanova;18;[723339.372, 4374402.457];2;227_CALLE_SAN_CLEMENTE_ENTRA_HOSPITAL_ARNAU_VILANO;227;T;T;20;Point;29/06/2016 10:43
Doctor Nicasio Benlloch - L'Horta Sud;5;[723694.722, 4374795.329];10;228_AVDA_NICASIO_BENLLOCH_ESQ_CALLE_L'HORTA_SUD;228;T;T;15;Point;29/06/2016 10:43
Aitana - Florista;1;[724029.017, 4374739.671];15;229_CALLE_AITANA_ESQ_AVDA_BURJASSOT;229;T;F;16;Point;29/06/2016 10:43
Poeta Serrano Clavero - General Llorens;0;[724713.645, 4374942.378];15;230_CALLE_POETA_SERRANO_CLAVERO_EQ_GENERAL_LLORENS;230;T;F;15;Point;29/06/2016 10:43
Alcañiz - Cambrils;1;[725414.648, 4374998.531];14;231_CALLE_DE_ALCAÑIZ_ESQ_CALLE_CAMBRILS;231;T;T;15;Point;29/06/2016 10:43
San Vicente Paul - Santiago Rusiñol;7;[726522.722, 4374983.326];5;232_SAN_VICENTE_DE_PAUL_SANTIAGO_RUSIÑOL;232;T;T;15;Point;29/06/2016 10:43
San Juan Bosco - Santiago Rusiñol;6;[726197.725, 4375253.346];9;233_SAN_JUAN_BOSCO_SANTIAGO_RUSIÑOL;233;T;T;15;Point;29/06/2016 10:43
Campanar - Nicasio Benlloch;2;[724493.172, 4374186.525];18;140_AVENIDA_CAMPANAR;140;T;F;20;Point;29/06/2016 10:43
Plaza Salvador Soria, 8;3;[724673.385, 4369442.063];16;257_PLAZA_SALVADOR_SORIA_ESQ_PIO_X;257;T;F;20;Point;29/06/2016 10:43
Gregorio Gea - Padre Ferris;10;[724890.673, 4373671.905];10;141_C/ GREGORIO GEA (PEATONAL);141;T;T;20;Point;29/06/2016 10:43
Gregorio Gea - Profesor Beltrán Báguena;12;[724507.676, 4373511.035];11;142_C/ GREGORIO GEA (PEATONAL);142;T;F;23;Point;29/06/2016 10:43
Pio XII - Menéndez PIdal (Nuevo Centro);6;[724405.493, 4373243.332];24;143_AVDA. MENENDEZ PIDAL;143;T;T;30;Point;29/06/2016 10:43
Marqués de San Juan - Diputat Lluís Lucía;4;[724017.044, 4373147.877];11;144_CALLE_MARQUES_DE_SAN_JUAN;144;T;F;15;Point;29/06/2016 10:43
Plaza Badajoz;10;[723757.412, 4373447.885];5;145_PLAZA_BADAJOZ;145;T;F;15;Point;29/06/2016 10:43
Pescadores - Progreso;7;[729717.505, 4372325.704];7;154_PESCADORES;154;T;F;15;Point;29/06/2016 10:43
Pavía (Instituto Isabel de Villena);15;[730110.471, 4373327.171];5;169_PAVIA 4;169;T;T;20;Point;29/06/2016 10:43
Isabel de Villena - Mendizábal;1;[730037.393, 4373790.296];19;170_PAVIA 5;170;T;F;20;Point;29/06/2016 10:43
Gran Canaria - Ingeniero Manuel Maese;1;[729721.075, 4373790.572];14;171_CALLE GRAN CANARIA;171;T;F;15;Point;29/06/2016 10:43
Pío XII - Campanar;0;[724192.082, 4373451.012];20;172_AVENIDA_PIO_XII;172;T;T;20;Point;29/06/2016 10:43
Pío XII - Monestir de Poblet;5;[724067.53, 4373789.471];15;173_AVENIDA_PIO_XII_34;173;T;F;20;Point;29/06/2016 10:43
Monduber - Peset Aleixandre;0;[724742.544, 4374353.071];19;174_CALLE_MONDUBER;174;T;T;19;Point;29/06/2016 10:43
Juan XXIII - Domingo Gómez;10;[725070.824, 4374712.673];5;175_CALLE_JUAN_XXIII;175;T;T;15;Point;29/06/2016 10:43
Cno. Moncada - Pedro Patricio Mey;0;[725404.568, 4374658.835];20;176_CAMINO_DE_MONCADA_52;176;T;F;20;Point;29/06/2016 10:43
Alcudia de Crespins - Pedro Patricio Mey;3;[725861.045, 4374841.896];12;177_CALLE_ALCUDIA;177;T;T;15;Point;29/06/2016 10:43
Reig Genovés - Ramón Contreras Mongrell;0;[726121.82, 4374701.859];20;178_CALLE_REIG_GENOVES;178;T;F;20;Point;29/06/2016 10:43
Av. de la Plata - Zapadores;5;[726591.991, 4370633.414];18;179_AVENIDA_DE_LA_PLATA_45;179;T;F;23;Point;29/06/2016 10:43
Doctor Waksman - Nieves;5;[726223.891, 4370683.656];15;180_AVENIDA_DOCTOR_WAKSMAN;180;T;T;20;Point;29/06/2016 10:43
Zapadores, 23;2;[726431.916, 4370909.48];13;181_CALLE_DEL_SALINAR;181;T;T;15;Point;29/06/2016 10:43
Tres Forques - Turís;1;[724343.803, 4371511.339];14;256_AVDA_TRES_FORQUES_TURIS;256;T;F;15;Point;29/06/2016 10:43
Giorgeta - Roig de Corella;9;[725042.932, 4371022.899];7;195_CALLE_GIORGETA;195;T;F;16;Point;29/06/2016 10:43
Jerónimo Muñoz - Gaspar Aguilar;13;[724716.63, 4371034.651];2;196_AVDA_GASPAR_AGUILAR;196;T;T;15;Point;29/06/2016 10:43
Doctor Tomás Sala - Carteros;12;[724595.497, 4369713.435];7;254_AVDA_DR_TOMAS_SALA_CARTEROS;254;T;T;19;Point;29/06/2016 10:43
Tomas de Villarroya - San Vicente;15;[724930.138, 4369721.913];3;255_SAN_VICENTE_MARTIR_TOMAS_DE_VILLAROYA;255;T;F;18;Point;29/06/2016 10:43
Fontanars dels Aforins - Jacinto Labaila;11;[724353.939, 4370869.611];4;197_CALLE_FONTANARS_DELS_AFORINS;197;T;F;15;Point;29/06/2016 10:43
Fontanars dels Aforins - Vall d'Uixó;10;[724088.606, 4371161.449];10;198_CALLE_FONTANARS_DELS_AFORINS;198;T;T;20;Point;29/06/2016 10:43
Beato Nicolás Factor - Convento de Jesús;3;[724409.686, 4371249.394];11;199_CALLE_BEATO_NICOLAS_FACTOR;199;T;F;15;Point;29/06/2016 10:43
Av. del Cid - Julián Peña;2;[724247.446, 4371927.825];12;200_AVDA_DEL_CID;200;T;F;15;Point;29/06/2016 10:43
Perez Galdós - Nou Moles;2;[724195.618, 4372367.93];18;201_AVDA_PEREZ_GALDOS;201;T;F;20;Point;29/06/2016 10:43
Reina Violante - Escultor García Mas;2;[723507.867, 4373780.853];13;203_CALLE_REINA_VIOLANTE;203;T;F;15;Point;29/06/2016 10:43
Corts Valencianes - General Avilés;5;[723899.147, 4373929.248];15;204_AVDA_GENERAL_AVILES;204;T;T;20;Point;29/06/2016 10:43
Nicasio Benlloch - Amics dels Corpus;13;[724188.869, 4374320.244];11;205_CALLE_NICASIO_BENLLOCH;205;T;T;24;Point;29/06/2016 10:43
Periodista Gil Sumbiela - Poeta Serrano Clavero;3;[724529.022, 4374710.606];12;206_CALLE_PERIODISTA_GIL_SUMBIELA;206;T;F;15;Point;29/06/2016 10:43
Giorgeta, 64;7;[725260.252, 4370585.826];8;207_CALLE_MILLARES_ESQ_CALLE_FEDERICO_GARCA_LORCA;207;T;F;15;Point;29/06/2016 10:43
Carteros - Mossen Febrer;12;[724697.936, 4370158.341];7;208_CALLE_CARTEROS_ESQ_CALLE_MOSSEN_FEBRER;208;T;F;20;Point;29/06/2016 10:43
Gaspar Aguilar - Músico Penella;14;[724314.852, 4370190.576];4;209_AVDA_GASPAR_AGUILAR_ESQ_CALLE_MUSICO_PENELLA;209;T;T;18;Point;29/06/2016 10:43
Campos Crespo - Juan de Garay;12;[723985.229, 4370566.657];3;210_CALLE_CAMPOS_CRESPO_ESQ_CALLE_JUAN_DE_GARAY;210;T;T;15;Point;29/06/2016 10:43
Tres Cruces - Pio XI;10;[723659.74, 4370615.473];5;250_AVDA_TRES_CRUCES_PIO_XI;250;T;F;15;Point;29/06/2016 10:43
Arquitecto Segura del Lago - Camino Nuevo de Picaña;9;[723322.006, 4370578.296];6;251_ARQUITECTO_SEGURA_LAGO_CAMINO_NUEVO_DE_PICAÑA;251;T;T;15;Point;29/06/2016 10:43
Dels Gremis - Campos Crespo;15;[723411.93, 4369965.202];5;252_DE_LOS_GREMIOS_CAMPOS_CRESPO;252;T;T;20;Point;29/06/2016 10:43
José Meliá Castelló - Campos Crespo;5;[723616.945, 4370241.96];10;253_PLAZA_JOSE_MELIA_CASTELLO_CAMPOS_CRESPO;253;T;F;15;Point;29/06/2016 10:43
Estación AVE Joaquín Sorolla;8;[725322.215, 4371212.544];32;194_ESTACION_AVE_JOAQUIN_SOROLLA;194;T;T;40;Point;29/06/2016 10:43
Fray Junípero Serra - Vall d'Uixó;11;[723885.477, 4370916.28];4;211_CALLE_FRAY_JUNÍPERO_SERRA_ESQ_CALLE_VALL_D'UIX;211;T;F;15;Point;29/06/2016 10:43
Fray Juanípero Serra - Torrente;11;[723649.564, 4371215.869];4;212_CALLE_FRAY_JUANÍPERO_SERRA_ESQ_CALLE_TORRENTE;212;T;T;15;Point;29/06/2016 10:43
Archiduque Carlos - José María Mortes Lerma;10;[723938.787, 4371410.971];5;213_CALLE_ARCHIDUQUE_CARLOS_ESQ_CALLE_JOSE_MA_MOR;213;T;F;15;Point;29/06/2016 10:43
Santa Cruz de Tenerife, 21;8;[723623.032, 4371598.159];6;214_CALLE_SANTA_CRUZ_DE_TENERIFE_ESQ_CALLE_LLOMBA;214;T;T;15;Point;29/06/2016 10:43
Av. del Cid - Burgos;13;[723734.369, 4372039.753];4;216_AVDA_DEL_CID_ESQ_CALLE_BURGOS;216;T;F;17;Point;29/06/2016 10:43
Pintor Rafael Solves - Jose Soto Mico;0;[724687.984, 4368840.015];15;258_PINTOR_RAFAEL_SOLVES_ESQ_JOSE_SOTO_MICO;258;T;T;15;Point;29/06/2016 10:43
Pio IX - Músico Cabanilles;5;[724336.117, 4369455.518];15;259_CALLE_PIO_IX_POLIDEPORTIVO_RAMBLETA;259;T;T;20;Point;29/06/2016 10:43
Traginers - Pedrapiquers;15;[723068.818, 4370984.943];5;260_DELS_FERRERS_ESQ_TRAGINERS;260;T;F;20;Point;29/06/2016 10:43
Plaza Xuquer - Vinalopó;4;[727903.805, 4373027.62];15;261_PZA_XUQUER_ESQ_VINALOPO;261;T;F;19;Point;29/06/2016 10:43
Tres Forques - Colonia Española de Mexico;13;[722883.536, 4371414.658];4;262_AVDA_TRES_FORQUES_COLONIA_ESPANOLA_DE_MEXICO;262;T;T;20;Point;29/06/2016 10:43
Padre Esteban Pernet - Casa Misericordia;0;[722836.087, 4371810.01];18;263_PADRE ESTEBAN_PERNET_ANTES_CASA_MISERICORDIA;263;T;F;18;Point;29/06/2016 10:43
Av. del Cid - Marconi;5;[722417.397, 4372033.167];15;264_AVDA_CID_ANTES_MARCONI;264;T;T;20;Point;29/06/2016 10:43
Alcasser - Poeta Alberto Lista;1;[722954.913, 4372250.029];14;265_C_ALCASSER_POETA_ALBERTO_LISTA;265;T;F;15;Point;29/06/2016 10:43
Canal de Navarrés - Maestro Rodrigo;2;[723043.372, 4374398.48];16;266_PLANA_ALTA_ESQ_AVDA_MAESTRO_RODRIGO;266;T;T;18;Point;29/06/2016 10:43
Beniferri - Vicent Tomás Martí;1;[723068.981, 4374830.155];15;267_C_BENIFERRI_VICENTE_TOMAS_MARTI;267;T;F;16;Point;29/06/2016 10:43
Plaza Luis Cano, 5;10;[721965.27, 4375606.862];4;268_PZA_LUIS_CANO_5;268;T;T;14;Point;29/06/2016 10:43
Campamento, 81;1;[721301.976, 4375417.006];14;269_CAMPAMENTO_81;269;T;F;15;Point;29/06/2016 10:43
Ninot - Regino Mas;1;[724171.478, 4375518.246];15;270_CALLE_NINOT_ESQ_PZA_REGINO_MAS;270;T;T;16;Point;29/06/2016 10:43
Salvador Cerveró - Carlos Cortina;7;[724431.858, 4375437.359];8;271_CALLE_SALVADOR_CERVERÓ_CALLE_CARLOS_CORTINA;271;T;F;15;Point;29/06/2016 10:43
Vicente la Roda - Ingeniero Fausto Elio;10;[729455.38, 4373511.941];5;272_VICENTE_LA_RODA_C_INGENIERO_FAUSTO_ELIO;272;T;F;15;Point;29/06/2016 10:43
Moraira - Alta del Mar;9;[729461.936, 4370143.776];5;273_CALLE_MORAIRA_CALLE_DALT_DE_LA_MAR;273;T;T;15;Point;29/06/2016 10:43
San Francisco de Paula - Castell de Pop;5;[729476.507, 4369895.897];10;274_MANUEL_ANDRES_CASTELL_DE_POLOP;274;T;F;15;Point;29/06/2016 10:43
Moreras - Rona de Nazaret;0;[729301.066, 4370361.218];20;275_CAMINO_DE_LAS_MORERAS_ESQ_RONDA_DE_NAZARET;275;T;F;20;Point;29/06/2016 10:43
Veles e Vents;3;[730241.616, 4371463.445];17;276_EDIFICIO_VELES_E_VENTS;276;T;T;20;Point;29/06/2016 10:43
